DROP TABLE T_USER;
DROP TABLE T_ADDRESS;
DROP TABLE T_GOODS;
DROP TABLE T_SMALLIMG;
DROP TABLE T_COMMENT;
DROP TABLE T_COMMENTIMG;
DROP TABLE T_TYPEMENU;
DROP TABLE T_TYPEITEMTITLE;
DROP TABLE T_TYPEITEM;
DROP TABLE T_CART;
DROP TABLE T_ORDER;
DROP TABLE T_ORDER_GOODS;

CREATE TABLE T_USER( --用户表
	ID CHAR(32 BYTE), 
	LOGINNAME VARCHAR2(50 BYTE), 
	PWD VARCHAR2(50 BYTE), 
	NAME VARCHAR2(50 BYTE), 
	CREATETIME DATE, 
	SEX VARCHAR2(20 BYTE), 
	MONEY NUMBER(10,2) DEFAULT 10000000, 
	FACE VARCHAR2(255 BYTE) DEFAULT 'face01.jpg',
	TAG NUMBER DEFAULT 0
);

--管理员数据
Insert into T_USER (ID,LOGINNAME,PWD,NAME,CREATETIME,SEX,MONEY,FACE,TAG) values ('16597FF6868943E69E023A78CA8A698F','admin','123456','管理员',to_date('16-1月 -17','DD-MON-RR'),'男',10000000,'1484552144958.jpg',1);
Insert into T_USER (ID,LOGINNAME,PWD,NAME,CREATETIME,SEX,MONEY,FACE,TAG) values ('9A0A9E89A6F540969C5E0BD0688EFE70','Nami','123456','娜美',to_date('16-1月 -17','DD-MON-RR'),'女',10000000,'1484553704080.jpg',2);
Insert into T_USER (ID,LOGINNAME,PWD,NAME,CREATETIME,SEX,MONEY,FACE,TAG) values ('5B7A153AAEDE4D7985F05173E9D822A7','Zoro','123456','索隆',to_date('16-1月 -17','DD-MON-RR'),'男',10000000,'face01.jpg',2);
Insert into T_USER (ID,LOGINNAME,PWD,NAME,CREATETIME,SEX,MONEY,FACE,TAG) values ('42F74BF6E4534C90B1026371841E31D7','Luffy','123456','路飞',to_date('16-1月 -17','DD-MON-RR'),'男',10000000,'face01.jpg',2);
Insert into T_USER (ID,LOGINNAME,PWD,NAME,CREATETIME,SEX,MONEY,FACE,TAG) values ('7F75A1CB7B6E44F38E0CF677812D918B','Sanji','123456','山治',to_date('16-1月 -17','DD-MON-RR'),'男',10000000,'face01.jpg',2);
Insert into T_USER (ID,LOGINNAME,PWD,NAME,CREATETIME,SEX,MONEY,FACE,TAG) values ('0DB581BC1DF346D885D2BA519B34102F','Robin','123456','罗宾',to_date('16-1月 -17','DD-MON-RR'),'女',10000000,'face01.jpg',2);


CREATE TABLE T_ADDRESS( --送货地址表
	ID CHAR(32 BYTE), 
	AREA VARCHAR2(200 BYTE), 
	AREADES VARCHAR2(200 BYTE), 
	TEL VARCHAR2(20 BYTE), 
	USERID CHAR(32 BYTE), 
	RECEIVER VARCHAR2(20 BYTE), 
	CREATETIME DATE DEFAULT SYSDATE
);

CREATE TABLE T_GOODS ( --商品表
	ID CHAR(32 BYTE), 
	NAME VARCHAR2(255 BYTE), 
	PRICE NUMBER(10,2), 
	SALES NUMBER, 
	TATE NUMBER DEFAULT 0, 
	BIGIMGPATH VARCHAR2(255 BYTE), 
	CREATETIME DATE DEFAULT SYSDATE, 
	TYPEMENUID CHAR(32 BYTE), 
	DES VARCHAR2(500 BYTE), 
	NUM NUMBER DEFAULT 0, 
	USER_ID CHAR(32 BYTE)
);

--默认商品数据
Insert into T_GOODS (ID,NAME,PRICE,SALES,TATE,BIGIMGPATH,CREATETIME,TYPEMENUID,DES,NUM,USER_ID) values ('E98DA2DCA5464A53A94CF224AFFD6FE1','茵曼（INMAN）纯色显瘦分割休闲小西装外套 米白色 XL 1863023138',129,0,0,null,to_date('17-1月 -17','DD-MON-RR'),'56CF567CB16E4B778D48740309F66398','京东自营，极速达，更享满减直降超低价，尖货推荐',100,'5B7A153AAEDE4D7985F05173E9D822A7');
Insert into T_GOODS (ID,NAME,PRICE,SALES,TATE,BIGIMGPATH,CREATETIME,TYPEMENUID,DES,NUM,USER_ID) values ('B1509FCB40AD4A91803563D8AC770769','金菊2016冬季新款女装宽松羊毛衫纯羊毛圆领长袖打底衫套头毛衣女 灰色',299,2,0,null,to_date('17-1月 -17','DD-MON-RR'),'56CF567CB16E4B778D48740309F66398','京东自营，极速达，更享满减直降超低价，尖货推荐',98,'5B7A153AAEDE4D7985F05173E9D822A7');
Insert into T_GOODS (ID,NAME,PRICE,SALES,TATE,BIGIMGPATH,CREATETIME,TYPEMENUID,DES,NUM,USER_ID) values ('E334556623004282B06EA4DBC9CA25E6','中国科幻基石丛书三体（套装1-3册）中国科幻基石丛书 三体（套装1-3册）',67,0,0,null,to_date('17-1月 -17','DD-MON-RR'),'2FB459E6C4AA41699DA90EDEE1C9ED28','中国科幻大师巨作 万千科幻迷翘首以待，获2015科幻文坛荣誉-雨果奖',100,'42F74BF6E4534C90B1026371841E31D7');
Insert into T_GOODS (ID,NAME,PRICE,SALES,TATE,BIGIMGPATH,CREATETIME,TYPEMENUID,DES,NUM,USER_ID) values ('2486D8BE11F545AD86AEA31645ADED68','索尼（SONY）新PS4国行主机，新 PlayStation 4 电脑娱乐游戏主机 500G',2199,0,0,null,to_date('17-1月 -17','DD-MON-RR'),'2826922E677F47EC9D90293BEE70078D','白色新PS4主机上市，附赠四张游戏兑换或优惠折扣卡，加量不加价！',100,'42F74BF6E4534C90B1026371841E31D7');
Insert into T_GOODS (ID,NAME,PRICE,SALES,TATE,BIGIMGPATH,CREATETIME,TYPEMENUID,DES,NUM,USER_ID) values ('E42E2EA2A76643D98DABF836F08F1DC1','美的 Midea 电饭煲WFS4037 涡轮除泡防溢锅 金属拉丝机身 圆灶釜4L电饭锅',299,9,0,null,to_date('16-1月 -17','DD-MON-RR'),'7DDA5F716CCC40FFB113A68A2B11D1D0','火爆开抢 仅限2000台 5mm聚能圆灶釜内胆汽动涡轮防溢锅 大火力持续沸腾',1,'9A0A9E89A6F540969C5E0BD0688EFE70');
Insert into T_GOODS (ID,NAME,PRICE,SALES,TATE,BIGIMGPATH,CREATETIME,TYPEMENUID,DES,NUM,USER_ID) values ('5673BAD0B8E6454799C13BDEBD7B3D51','美的（Midea）变频微波炉 蒸煮烤智能菜单 X3-233A 23L金色',799,3,0,null,to_date('16-1月 -17','DD-MON-RR'),'7DDA5F716CCC40FFB113A68A2B11D1D0','689！对！就是689！新春价！进店领券立减50元！全民抢年货！购实惠！购颜值',97,'9A0A9E89A6F540969C5E0BD0688EFE70');
Insert into T_GOODS (ID,NAME,PRICE,SALES,TATE,BIGIMGPATH,CREATETIME,TYPEMENUID,DES,NUM,USER_ID) values ('FD4662ED67714352911BCAF460A8F9F2','简普 JIANPU 韩版男士秋款中长款修身休闲风衣 藏青色170M JP151508 ',299,3,0,null,to_date('17-1月 -17','DD-MON-RR'),'00FE5DDDACC74C748B1A4D55BCCD701B','简普风衣',97,'5B7A153AAEDE4D7985F05173E9D822A7');
Insert into T_GOODS (ID,NAME,PRICE,SALES,TATE,BIGIMGPATH,CREATETIME,TYPEMENUID,DES,NUM,USER_ID) values ('1DFF289B3E3045E8A0DA97C449067E56','恒源祥女士羊绒衫 纯羊绒套头毛衣圆领修身山羊绒保暖毛衫女装',598,2,0,null,to_date('17-1月 -17','DD-MON-RR'),'56CF567CB16E4B778D48740309F66398','支持专柜验货，下单先领优惠劵，送运费险，品质认证商家',98,'5B7A153AAEDE4D7985F05173E9D822A7');
Insert into T_GOODS (ID,NAME,PRICE,SALES,TATE,BIGIMGPATH,CREATETIME,TYPEMENUID,DES,NUM,USER_ID) values ('8F84A603C71F4C8F8F565582450E6B7E','飞耀 帆布鞋女小白鞋韩版潮休闲鞋',68,3,0,null,to_date('17-1月 -17','DD-MON-RR'),'CC36B61E033F4C24BD399793E60096B7','女学生鞋情侣中性板鞋单鞋',97,'7F75A1CB7B6E44F38E0CF677812D918B');
Insert into T_GOODS (ID,NAME,PRICE,SALES,TATE,BIGIMGPATH,CREATETIME,TYPEMENUID,DES,NUM,USER_ID) values ('54A204E11FB148F69DCB9D4A4DB67452','索尼  E6883 Xperia Z5尊享版',4999,10,0,null,to_date('17-1月 -17','DD-MON-RR'),'2826922E677F47EC9D90293BEE70078D','4K显示屏幕 2300W像素索尼G镜头 0.03秒自动对焦',90,'7F75A1CB7B6E44F38E0CF677812D918B');
Insert into T_GOODS (ID,NAME,PRICE,SALES,TATE,BIGIMGPATH,CREATETIME,TYPEMENUID,DES,NUM,USER_ID) values ('665BF401C04A4054AD19E75C29827A5E','尼康（Nikon）D7100 单反套机（ AF-S 18-140mm f3.5-5.6G ED VR 镜头）',5699,4,0,null,to_date('16-1月 -17','DD-MON-RR'),'2826922E677F47EC9D90293BEE70078D','长焦140mm，更长焦距，更多精彩！锐利成像，以质取胜！',96,'9A0A9E89A6F540969C5E0BD0688EFE70');
Insert into T_GOODS (ID,NAME,PRICE,SALES,TATE,BIGIMGPATH,CREATETIME,TYPEMENUID,DES,NUM,USER_ID) values ('A0D89455F55D4E289A51D99D610F5535','活着+兄弟+许三观卖血记+在细雨中呼唤  余华长篇小说（套装共4册）',81,5,0,null,to_date('17-1月 -17','DD-MON-RR'),'2FB459E6C4AA41699DA90EDEE1C9ED28','中国现当代小说',95,'42F74BF6E4534C90B1026371841E31D7');
Insert into T_GOODS (ID,NAME,PRICE,SALES,TATE,BIGIMGPATH,CREATETIME,TYPEMENUID,DES,NUM,USER_ID) values ('EB9AEA2AF1D14B96862D5E2766A00728','微软（Microsoft）Surface Pro 4',6288,5,0,null,to_date('16-1月 -17','DD-MON-RR'),'2826922E677F47EC9D90293BEE70078D','平板新风尚 办公新选择 Surface Pro4 i5 4G+128G 二合一平板电脑 裸机版',15,'9A0A9E89A6F540969C5E0BD0688EFE70');


CREATE TABLE T_SMALLIMG( --商品图片表
	ID CHAR(32 BYTE), 
	SRC VARCHAR2(255 BYTE), 
	URL VARCHAR2(255 BYTE), 
	GOODSID CHAR(32 BYTE)
);
--商品图片数据
Insert into T_SMALLIMG (ID,SRC,URL,GOODSID) values ('4DD205D57DAB483A921B13364DD3E46F',null,'1484618491815.jpg','E98DA2DCA5464A53A94CF224AFFD6FE1');
Insert into T_SMALLIMG (ID,SRC,URL,GOODSID) values ('56DF8B090E1048578D931868C5F7EA84',null,'1484618491816.jpg','E98DA2DCA5464A53A94CF224AFFD6FE1');
Insert into T_SMALLIMG (ID,SRC,URL,GOODSID) values ('1962FFECF3AE431AA21F19363F424BF9',null,'1484618491818.jpg','E98DA2DCA5464A53A94CF224AFFD6FE1');
Insert into T_SMALLIMG (ID,SRC,URL,GOODSID) values ('3059EBCDF5A544FFBEDF852AFAEF3872',null,'1484618491819.jpg','E98DA2DCA5464A53A94CF224AFFD6FE1');
Insert into T_SMALLIMG (ID,SRC,URL,GOODSID) values ('BD0605E0F24842F6816919F779C54519',null,'1484618914125.jpg','B1509FCB40AD4A91803563D8AC770769');
Insert into T_SMALLIMG (ID,SRC,URL,GOODSID) values ('D9238C037E4E4EF783BAF347B3538D16',null,'1484618914127.jpg','B1509FCB40AD4A91803563D8AC770769');
Insert into T_SMALLIMG (ID,SRC,URL,GOODSID) values ('AB6A0FEA116F4CA5807676BD2B1D3CA3',null,'1484618914128.jpg','B1509FCB40AD4A91803563D8AC770769');
Insert into T_SMALLIMG (ID,SRC,URL,GOODSID) values ('9587B14ED3BA4C73A2B79B9A41FED04E',null,'1484618914129.jpg','B1509FCB40AD4A91803563D8AC770769');
Insert into T_SMALLIMG (ID,SRC,URL,GOODSID) values ('F0AB6A9FFBBA46A2B8782A6A653133D5',null,'1484619685821.jpg','2486D8BE11F545AD86AEA31645ADED68');
Insert into T_SMALLIMG (ID,SRC,URL,GOODSID) values ('56F89BBA657F41708318F2526B230064',null,'1484619685822.jpg','2486D8BE11F545AD86AEA31645ADED68');
Insert into T_SMALLIMG (ID,SRC,URL,GOODSID) values ('207B38C8FE7E4230BB23D9026F6D7CD5',null,'1484619685823.jpg','2486D8BE11F545AD86AEA31645ADED68');
Insert into T_SMALLIMG (ID,SRC,URL,GOODSID) values ('38DDE792802A4EFBA7FBB619CD7CE46C',null,'1484619685824.jpg','2486D8BE11F545AD86AEA31645ADED68');
Insert into T_SMALLIMG (ID,SRC,URL,GOODSID) values ('64D0CC32538E49D497A7A1624BC8810A',null,'1484552483598.jpg','E42E2EA2A76643D98DABF836F08F1DC1');
Insert into T_SMALLIMG (ID,SRC,URL,GOODSID) values ('5AC9417C16D2433B86A3CB82AF3D8138',null,'1484552483597.jpg','E42E2EA2A76643D98DABF836F08F1DC1');
Insert into T_SMALLIMG (ID,SRC,URL,GOODSID) values ('2180FFF40C6D4BC38885994746083FFE',null,'1484554493538.jpg','5673BAD0B8E6454799C13BDEBD7B3D51');
Insert into T_SMALLIMG (ID,SRC,URL,GOODSID) values ('24EF7B736B044475AA878D66BC05003B',null,'1484552483596.jpg','E42E2EA2A76643D98DABF836F08F1DC1');
Insert into T_SMALLIMG (ID,SRC,URL,GOODSID) values ('62CC9364CEFC4AB1B67F0AA3F40859F6',null,'1484552483599.jpg','E42E2EA2A76643D98DABF836F08F1DC1');
Insert into T_SMALLIMG (ID,SRC,URL,GOODSID) values ('CEBE8689DCB5494BB81883840E0E5BB5',null,'1484617425589.jpg','FD4662ED67714352911BCAF460A8F9F2');
Insert into T_SMALLIMG (ID,SRC,URL,GOODSID) values ('71488B490C1841D0A0F49894A309F0AD',null,'1484617425590.jpg','FD4662ED67714352911BCAF460A8F9F2');
Insert into T_SMALLIMG (ID,SRC,URL,GOODSID) values ('A915DBB3F0AD47CABB0545CE83F9361B',null,'1484617425591.jpg','FD4662ED67714352911BCAF460A8F9F2');
Insert into T_SMALLIMG (ID,SRC,URL,GOODSID) values ('A17D1BDD929B4061B7F5A8A24F1ED360',null,'1484617425593.jpg','FD4662ED67714352911BCAF460A8F9F2');
Insert into T_SMALLIMG (ID,SRC,URL,GOODSID) values ('AC4932BC6AE94CCEB37A91164E946461',null,'1484617636385.jpg','1DFF289B3E3045E8A0DA97C449067E56');
Insert into T_SMALLIMG (ID,SRC,URL,GOODSID) values ('3EA58AE8FBDF4F639C21EFB20EBBBCCD',null,'1484617636387.jpg','1DFF289B3E3045E8A0DA97C449067E56');
Insert into T_SMALLIMG (ID,SRC,URL,GOODSID) values ('892CBA0CCB7740A89B1EEC48E91397A3',null,'1484617636388.jpg','1DFF289B3E3045E8A0DA97C449067E56');
Insert into T_SMALLIMG (ID,SRC,URL,GOODSID) values ('30954980C2FD4A5F850A4BCE4813E257',null,'1484617636389.jpg','1DFF289B3E3045E8A0DA97C449067E56');
Insert into T_SMALLIMG (ID,SRC,URL,GOODSID) values ('5F284D031B4C4A06B3C58C100F6E456E',null,'1484620082739.jpg','8F84A603C71F4C8F8F565582450E6B7E');
Insert into T_SMALLIMG (ID,SRC,URL,GOODSID) values ('F8FC5088265F43708E8BF34BE195C426',null,'1484620537505.jpg','54A204E11FB148F69DCB9D4A4DB67452');
Insert into T_SMALLIMG (ID,SRC,URL,GOODSID) values ('9F949246C7DD499B9A85277A22C67366',null,'1484620537506.jpg','54A204E11FB148F69DCB9D4A4DB67452');
Insert into T_SMALLIMG (ID,SRC,URL,GOODSID) values ('65BEEBCC16444DABB239151E8A9F01CE',null,'1484620537507.jpg','54A204E11FB148F69DCB9D4A4DB67452');
Insert into T_SMALLIMG (ID,SRC,URL,GOODSID) values ('B4CD49C759214B1D87758B6FA43C8AEF',null,'1484620082736.jpg','8F84A603C71F4C8F8F565582450E6B7E');
Insert into T_SMALLIMG (ID,SRC,URL,GOODSID) values ('8CF10487CF494E4E8EB1FA83C222F7A2',null,'1484620082738.jpg','8F84A603C71F4C8F8F565582450E6B7E');
Insert into T_SMALLIMG (ID,SRC,URL,GOODSID) values ('FFBE7CD39CA3437C81D5947914193793',null,'1484620537508.jpg','54A204E11FB148F69DCB9D4A4DB67452');
Insert into T_SMALLIMG (ID,SRC,URL,GOODSID) values ('0F8E594123D2469C8D786E554C6A73C9',null,'1484554817367.jpg','EB9AEA2AF1D14B96862D5E2766A00728');
Insert into T_SMALLIMG (ID,SRC,URL,GOODSID) values ('0EF1FC90E1F64AB5849D9DD136E2876D',null,'1484554817366.jpg','EB9AEA2AF1D14B96862D5E2766A00728');
Insert into T_SMALLIMG (ID,SRC,URL,GOODSID) values ('7CC8CC68CB564289B2ED2677C8E2200F',null,'1484554817364.jpg','EB9AEA2AF1D14B96862D5E2766A00728');
Insert into T_SMALLIMG (ID,SRC,URL,GOODSID) values ('1DA3DF0EC19E4E8AB8E47F8A2187974F',null,'1484554817363.jpg','EB9AEA2AF1D14B96862D5E2766A00728');
Insert into T_SMALLIMG (ID,SRC,URL,GOODSID) values ('7DF16BCC60C44D6C9CA3DFBA3E06156C',null,'1484553282131.jpg','665BF401C04A4054AD19E75C29827A5E');
Insert into T_SMALLIMG (ID,SRC,URL,GOODSID) values ('DC3DEFC3494C4955A5D5312464B137CA',null,'1484553282133.jpg','665BF401C04A4054AD19E75C29827A5E');
Insert into T_SMALLIMG (ID,SRC,URL,GOODSID) values ('C2CB80A60EFD46E6986A1769EAA11772',null,'1484553282134.jpg','665BF401C04A4054AD19E75C29827A5E');
Insert into T_SMALLIMG (ID,SRC,URL,GOODSID) values ('7AACC86C220A432DB2DA0C006FF7726D',null,'1484553282135.jpg','665BF401C04A4054AD19E75C29827A5E');
Insert into T_SMALLIMG (ID,SRC,URL,GOODSID) values ('C1C75C106D7B429589B71E922EB2B026',null,'1484619277592.jpg','E334556623004282B06EA4DBC9CA25E6');
Insert into T_SMALLIMG (ID,SRC,URL,GOODSID) values ('9C6A96CD11A84281A52FCE4F9E635A3E',null,'1484619277593.jpg','E334556623004282B06EA4DBC9CA25E6');
Insert into T_SMALLIMG (ID,SRC,URL,GOODSID) values ('545DE2643EC447308A3996E33418AE55',null,'1484619438223.jpg','A0D89455F55D4E289A51D99D610F5535');
Insert into T_SMALLIMG (ID,SRC,URL,GOODSID) values ('5D11AEDDFCCE4CBC87C5711F5902F7DC',null,'1484554493539.jpg','5673BAD0B8E6454799C13BDEBD7B3D51');
Insert into T_SMALLIMG (ID,SRC,URL,GOODSID) values ('0BB283C8AF13426D884010E4FEE0D03F',null,'1484554493540.jpg','5673BAD0B8E6454799C13BDEBD7B3D51');

CREATE TABLE T_COMMENT(	--评论表
	ID CHAR(32 BYTE), 
	CONTENT VARCHAR2(800 BYTE), 
	GRADE NUMBER, 
	CREATETIME DATE DEFAULT SYSDATE, 
	USERID CHAR(32 BYTE), 
	GOODSID CHAR(32 BYTE)
);
 
CREATE TABLE T_COMMENTIMG( --评论图片表
	ID CHAR(32 BYTE), 
	URL VARCHAR2(200 BYTE), 
	COMMENTID CHAR(32 BYTE), 
	CREATETIME DATE DEFAULT SYSDATE
);

CREATE TABLE T_TYPEMENU( --一级分类菜单
	ID CHAR(32 BYTE), 
	MENU VARCHAR2(255 BYTE), 
	URL VARCHAR2(255 BYTE), 
	NO VARCHAR2(20 BYTE), 
	CREATETIME DATE DEFAULT SYSDATE
);

Insert into T_TYPEMENU (ID,MENU,URL,NO,CREATETIME) values ('56CF567CB16E4B778D48740309F66398','女装 /内衣','#','001',to_date('28-12月-16','DD-MON-RR'));
Insert into T_TYPEMENU (ID,MENU,URL,NO,CREATETIME) values ('00FE5DDDACC74C748B1A4D55BCCD701B','男装 /户外运动','#','002',to_date('28-12月-16','DD-MON-RR'));
Insert into T_TYPEMENU (ID,MENU,URL,NO,CREATETIME) values ('CC36B61E033F4C24BD399793E60096B7','女鞋 /男鞋 /箱包','#','003',to_date('28-12月-16','DD-MON-RR'));
Insert into T_TYPEMENU (ID,MENU,URL,NO,CREATETIME) values ('00FB8E0913684E9180481FBAEC72A5E0','化妆品 /个人护理','#','004',to_date('28-12月-16','DD-MON-RR'));
Insert into T_TYPEMENU (ID,MENU,URL,NO,CREATETIME) values ('DFF91B331519442BAE9503C6535BD5D5','腕表 /珠宝饰品 /眼镜','#','005',to_date('28-12月-16','DD-MON-RR'));
Insert into T_TYPEMENU (ID,MENU,URL,NO,CREATETIME) values ('2826922E677F47EC9D90293BEE70078D','手机 /数码 /电脑办公','#','006',to_date('28-12月-16','DD-MON-RR'));
Insert into T_TYPEMENU (ID,MENU,URL,NO,CREATETIME) values ('9B6AA154A716499F8C4235B4D58B005A','母婴玩具','#','007',to_date('28-12月-16','DD-MON-RR'));
Insert into T_TYPEMENU (ID,MENU,URL,NO,CREATETIME) values ('3036085F24544D4C9F2B0E9A57F919AA','零食 /进口食品 /茶水','#','008',to_date('28-12月-16','DD-MON-RR'));
Insert into T_TYPEMENU (ID,MENU,URL,NO,CREATETIME) values ('ED95C05DD6494D9593DDB38331CC7228','生鲜水果','#','009',to_date('28-12月-16','DD-MON-RR'));
Insert into T_TYPEMENU (ID,MENU,URL,NO,CREATETIME) values ('7DDA5F716CCC40FFB113A68A2B11D1D0','大家电 /生活电器','#','010',to_date('28-12月-16','DD-MON-RR'));
Insert into T_TYPEMENU (ID,MENU,URL,NO,CREATETIME) values ('715658A6D2DD40928CF02F9BD6601CF2','家具建材','#','011',to_date('28-12月-16','DD-MON-RR'));
Insert into T_TYPEMENU (ID,MENU,URL,NO,CREATETIME) values ('76F3BDDA7DC24A2AA0AF4DA401157B37','汽车 /配件 /用品','#','012',to_date('28-12月-16','DD-MON-RR'));
Insert into T_TYPEMENU (ID,MENU,URL,NO,CREATETIME) values ('71621404932A4D71839E166CBE1B20EE','家纺 /家饰 /鲜花','#','013',to_date('28-12月-16','DD-MON-RR'));
Insert into T_TYPEMENU (ID,MENU,URL,NO,CREATETIME) values ('AFDFE1FAC18C4D249102BAAD8DF6AF6F','医药保健','#','014',to_date('28-12月-16','DD-MON-RR'));
Insert into T_TYPEMENU (ID,MENU,URL,NO,CREATETIME) values ('9F218F69FF1649AF89C46F42D1830456','厨具 /收纳 /宠物','#','015',to_date('28-12月-16','DD-MON-RR'));
Insert into T_TYPEMENU (ID,MENU,URL,NO,CREATETIME) values ('2FB459E6C4AA41699DA90EDEE1C9ED28','图书音像','#','016',to_date('28-12月-16','DD-MON-RR'));

CREATE TABLE T_TYPEITEMTITLE( --二级分类菜单
	ID CHAR(32 BYTE), 
	ITEMTITLE VARCHAR2(255 BYTE), 
	URL VARCHAR2(255 BYTE), 
	TYPEMENUID CHAR(32 BYTE)
);

Insert into T_TYPEITEMTITLE (ID,ITEMTITLE,URL,TYPEMENUID) values ('F440133658D34726BFFCE7173B517353','当季流行','#','56CF567CB16E4B778D48740309F66398');
Insert into T_TYPEITEMTITLE (ID,ITEMTITLE,URL,TYPEMENUID) values ('E983A64DCBEA45F9BC4AABF35FD5DD66','精选上装','#','56CF567CB16E4B778D48740309F66398');
Insert into T_TYPEITEMTITLE (ID,ITEMTITLE,URL,TYPEMENUID) values ('CA8789EA95EC41C5813E159A6F1B48D7','浪漫裙装','#','56CF567CB16E4B778D48740309F66398');
Insert into T_TYPEITEMTITLE (ID,ITEMTITLE,URL,TYPEMENUID) values ('71D5114C7E894C3DB0D0740D6001DA86','女士下装','#','56CF567CB16E4B778D48740309F66398');
Insert into T_TYPEITEMTITLE (ID,ITEMTITLE,URL,TYPEMENUID) values ('68AE4664D3B74C5DA1B9409FA0635D42','特色女装','#','56CF567CB16E4B778D48740309F66398');
Insert into T_TYPEITEMTITLE (ID,ITEMTITLE,URL,TYPEMENUID) values ('82BE0EF158E640E6B23C89051269D649','保暖基础','#','56CF567CB16E4B778D48740309F66398');
Insert into T_TYPEITEMTITLE (ID,ITEMTITLE,URL,TYPEMENUID) values ('867F0DD2FA1446969FBCF92F0A42300A','家居服','#','56CF567CB16E4B778D48740309F66398');
Insert into T_TYPEITEMTITLE (ID,ITEMTITLE,URL,TYPEMENUID) values ('5E15E24DD53D4FF3A0090BCA48D87D89','文胸塑身','#','56CF567CB16E4B778D48740309F66398');
Insert into T_TYPEITEMTITLE (ID,ITEMTITLE,URL,TYPEMENUID) values ('D821E899B6244D62AAF3AD7EBB5DD8C6','袜类','#','56CF567CB16E4B778D48740309F66398');
Insert into T_TYPEITEMTITLE (ID,ITEMTITLE,URL,TYPEMENUID) values ('CCC03E904810485F92A3C1F63863B96E','时装女靴','#','CC36B61E033F4C24BD399793E60096B7');
Insert into T_TYPEITEMTITLE (ID,ITEMTITLE,URL,TYPEMENUID) values ('860369CCE6F2436A9BE78B393F5F4F43','潮流男鞋','#','CC36B61E033F4C24BD399793E60096B7');
Insert into T_TYPEITEMTITLE (ID,ITEMTITLE,URL,TYPEMENUID) values ('7B49BCD5A0E543B8843310485AB0F01A','女单鞋','#','CC36B61E033F4C24BD399793E60096B7');
Insert into T_TYPEITEMTITLE (ID,ITEMTITLE,URL,TYPEMENUID) values ('AAF4A9A67EFE4B80A3ECF83B3B053543','特色鞋','#','CC36B61E033F4C24BD399793E60096B7');
Insert into T_TYPEITEMTITLE (ID,ITEMTITLE,URL,TYPEMENUID) values ('92A2316357F3496E981AC97BF156C69D','潮流女包','#','CC36B61E033F4C24BD399793E60096B7');
Insert into T_TYPEITEMTITLE (ID,ITEMTITLE,URL,TYPEMENUID) values ('924276A205924D8DA639F8288557BA60','精品男包','#','CC36B61E033F4C24BD399793E60096B7');
Insert into T_TYPEITEMTITLE (ID,ITEMTITLE,URL,TYPEMENUID) values ('EF9A8B4CD2D44D00917745FA0457A1A4','功能箱包','#','CC36B61E033F4C24BD399793E60096B7');
Insert into T_TYPEITEMTITLE (ID,ITEMTITLE,URL,TYPEMENUID) values ('9E5B00BABADB4A5DAAEADB21F1F63E97','当季流行','#','00FE5DDDACC74C748B1A4D55BCCD701B');
Insert into T_TYPEITEMTITLE (ID,ITEMTITLE,URL,TYPEMENUID) values ('A9E52061ECC54859B3E7861B079BF212','男士外套','#','00FE5DDDACC74C748B1A4D55BCCD701B');
Insert into T_TYPEITEMTITLE (ID,ITEMTITLE,URL,TYPEMENUID) values ('9EBEFDC105E8415BA4370B28F81AE95D','男士内搭','#','00FE5DDDACC74C748B1A4D55BCCD701B');
Insert into T_TYPEITEMTITLE (ID,ITEMTITLE,URL,TYPEMENUID) values ('B42FF2BC51924014950664C0DDEE5EC1','男士裤装','#','00FE5DDDACC74C748B1A4D55BCCD701B');
Insert into T_TYPEITEMTITLE (ID,ITEMTITLE,URL,TYPEMENUID) values ('06811878AD544629991CAD72D69D8C02','特色男装','#','00FE5DDDACC74C748B1A4D55BCCD701B');
Insert into T_TYPEITEMTITLE (ID,ITEMTITLE,URL,TYPEMENUID) values ('A15DE1B58DA1421ABA0E181A83A9162A','运动鞋','#','00FE5DDDACC74C748B1A4D55BCCD701B');
Insert into T_TYPEITEMTITLE (ID,ITEMTITLE,URL,TYPEMENUID) values ('665251BBD85245AF9745C58DE112BADD','运动服','#','00FE5DDDACC74C748B1A4D55BCCD701B');
Insert into T_TYPEITEMTITLE (ID,ITEMTITLE,URL,TYPEMENUID) values ('812B96B5F1F24B4FA0D7FF1E23A9A326','户外鞋服','#','00FE5DDDACC74C748B1A4D55BCCD701B');
Insert into T_TYPEITEMTITLE (ID,ITEMTITLE,URL,TYPEMENUID) values ('0B7D6101E725483EB4A5AF7A50DFD028','户外用品','#','00FE5DDDACC74C748B1A4D55BCCD701B');
Insert into T_TYPEITEMTITLE (ID,ITEMTITLE,URL,TYPEMENUID) values ('2070FA0BD8F5449DB05204660C5E828E','运动用品','#','00FE5DDDACC74C748B1A4D55BCCD701B');

CREATE TABLE T_TYPEITEM( --三级分类菜单
	ID CHAR(32 BYTE), 
	ITEM VARCHAR2(255 BYTE), 
	URL VARCHAR2(255 BYTE), 
	TYPEMENUTITLEID CHAR(32 BYTE)
);

Insert into T_TYPEITEM (ID,ITEM,URL,TYPEMENUTITLEID) values ('9E4E3172D1394E0998C0C0882C84C457','冬季新品','#','F440133658D34726BFFCE7173B517353');
Insert into T_TYPEITEM (ID,ITEM,URL,TYPEMENUTITLEID) values ('68C98800D44A4819AD13284DED7C4858','商场同款','#','F440133658D34726BFFCE7173B517353');
Insert into T_TYPEITEM (ID,ITEM,URL,TYPEMENUTITLEID) values ('D95DF36E3273444F8E35BDD0E763324F','气质连衣裙','#','F440133658D34726BFFCE7173B517353');
Insert into T_TYPEITEM (ID,ITEM,URL,TYPEMENUTITLEID) values ('2D2B3FFE040744EE9D19BB07FE4E06EF','羽绒服','#','F440133658D34726BFFCE7173B517353');
Insert into T_TYPEITEM (ID,ITEM,URL,TYPEMENUTITLEID) values ('79CB5D8A4B4744D5964922993272A9A6','中长款毛呢','#','F440133658D34726BFFCE7173B517353');
Insert into T_TYPEITEM (ID,ITEM,URL,TYPEMENUTITLEID) values ('A74950D1F66943F2870FE173CC0578CC','百搭休闲裤','#','F440133658D34726BFFCE7173B517353');
Insert into T_TYPEITEM (ID,ITEM,URL,TYPEMENUTITLEID) values ('DF9584B042AF4A079B6E28C2D623E638','内衣新品','#','F440133658D34726BFFCE7173B517353');
Insert into T_TYPEITEM (ID,ITEM,URL,TYPEMENUTITLEID) values ('9F1A1E02F57B46D68988FD6581B45869','商场同款','#','F440133658D34726BFFCE7173B517353');
Insert into T_TYPEITEM (ID,ITEM,URL,TYPEMENUTITLEID) values ('D70DDF4EA59946A9B9566F6EE333BA9C','聚拢文胸','#','F440133658D34726BFFCE7173B517353');
Insert into T_TYPEITEM (ID,ITEM,URL,TYPEMENUTITLEID) values ('9D804695E00C4FAABE3757BA20A355C7','睡衣套装','#','F440133658D34726BFFCE7173B517353');
Insert into T_TYPEITEM (ID,ITEM,URL,TYPEMENUTITLEID) values ('072AC12E0E07465F899D27A7A636EE26','情侣家居服','#','F440133658D34726BFFCE7173B517353');
Insert into T_TYPEITEM (ID,ITEM,URL,TYPEMENUTITLEID) values ('58AAB9AE605349B1A07A93A863BF3DEE','毛呢外套','#','E983A64DCBEA45F9BC4AABF35FD5DD66');
Insert into T_TYPEITEM (ID,ITEM,URL,TYPEMENUTITLEID) values ('4529C904164448938665F9B2219D768A','毛衣针织衫','#','E983A64DCBEA45F9BC4AABF35FD5DD66');
Insert into T_TYPEITEM (ID,ITEM,URL,TYPEMENUTITLEID) values ('048FAFF8BFB34705AF87C4DE1049FE7C','衬衫','#','E983A64DCBEA45F9BC4AABF35FD5DD66');
Insert into T_TYPEITEM (ID,ITEM,URL,TYPEMENUTITLEID) values ('2661F49C6E4D46E9A9E527C180D42677','风衣','#','E983A64DCBEA45F9BC4AABF35FD5DD66');
Insert into T_TYPEITEM (ID,ITEM,URL,TYPEMENUTITLEID) values ('87ABCFD76C6D4CDABE4D70B0E5C937D4','短外套','#','E983A64DCBEA45F9BC4AABF35FD5DD66');
Insert into T_TYPEITEM (ID,ITEM,URL,TYPEMENUTITLEID) values ('3AA68E085DC9403793E920EB1B151109','卫衣','#','E983A64DCBEA45F9BC4AABF35FD5DD66');
Insert into T_TYPEITEM (ID,ITEM,URL,TYPEMENUTITLEID) values ('684627FD0F19458DABF21A34140F4793','小西装','#','E983A64DCBEA45F9BC4AABF35FD5DD66');
Insert into T_TYPEITEM (ID,ITEM,URL,TYPEMENUTITLEID) values ('659BC773BB0F479F88C3D2177097F39A','连衣裙','#','CA8789EA95EC41C5813E159A6F1B48D7');
Insert into T_TYPEITEM (ID,ITEM,URL,TYPEMENUTITLEID) values ('52915716CF264EFAAC4EEC8C7D07CC01','蕾丝连衣裙','#','CA8789EA95EC41C5813E159A6F1B48D7');
Insert into T_TYPEITEM (ID,ITEM,URL,TYPEMENUTITLEID) values ('1616F4017116453B96A3520E67B1F913','印花连衣裙','#','CA8789EA95EC41C5813E159A6F1B48D7');
Insert into T_TYPEITEM (ID,ITEM,URL,TYPEMENUTITLEID) values ('BAD181B227584628B1EEDD75A65D1FF2','真丝连衣裙','#','CA8789EA95EC41C5813E159A6F1B48D7');
Insert into T_TYPEITEM (ID,ITEM,URL,TYPEMENUTITLEID) values ('04877CA400C34268A95F5692D182A34A','半身裙','#','CA8789EA95EC41C5813E159A6F1B48D7');
Insert into T_TYPEITEM (ID,ITEM,URL,TYPEMENUTITLEID) values ('0DB8EDA0E8BE4794A9C0FF021261884B','百褶裙','#','CA8789EA95EC41C5813E159A6F1B48D7');
Insert into T_TYPEITEM (ID,ITEM,URL,TYPEMENUTITLEID) values ('CD6270EBC2504DB4B92C26C39C1BCC85','牛仔裙','#','CA8789EA95EC41C5813E159A6F1B48D7');
Insert into T_TYPEITEM (ID,ITEM,URL,TYPEMENUTITLEID) values ('BF155F8F77FF4A469C0502619E557B4C','背心裙','#','CA8789EA95EC41C5813E159A6F1B48D7');
Insert into T_TYPEITEM (ID,ITEM,URL,TYPEMENUTITLEID) values ('047AB1A54EFF4066BD1F1D6911442A0C','a字裙','#','CA8789EA95EC41C5813E159A6F1B48D7');
Insert into T_TYPEITEM (ID,ITEM,URL,TYPEMENUTITLEID) values ('0BFA81D9D3C14F08B61F458B4B5E482A','棉麻连衣裙','#','CA8789EA95EC41C5813E159A6F1B48D7');
Insert into T_TYPEITEM (ID,ITEM,URL,TYPEMENUTITLEID) values ('24F0590BF80D45B4BBB41E05155ACB86','蕾丝半身裙','#','CA8789EA95EC41C5813E159A6F1B48D7');
Insert into T_TYPEITEM (ID,ITEM,URL,TYPEMENUTITLEID) values ('4E97598D76B74566B824AD60465B6260','包臀裙','#','CA8789EA95EC41C5813E159A6F1B48D7');
Insert into T_TYPEITEM (ID,ITEM,URL,TYPEMENUTITLEID) values ('BE91CB5860154D34BBB6E65ECE591F95','长袖连衣裙','#','CA8789EA95EC41C5813E159A6F1B48D7');
Insert into T_TYPEITEM (ID,ITEM,URL,TYPEMENUTITLEID) values ('2A5DC14F9DE6414C8EE8FDFB6B71154E','牛仔裤','#','71D5114C7E894C3DB0D0740D6001DA86');
Insert into T_TYPEITEM (ID,ITEM,URL,TYPEMENUTITLEID) values ('E45A76454C0743F1BBDFF96C04700915','羽绒服','#','E983A64DCBEA45F9BC4AABF35FD5DD66');
Insert into T_TYPEITEM (ID,ITEM,URL,TYPEMENUTITLEID) values ('A1447ED0DA824F049E122E8A77293963','休闲裤','#','71D5114C7E894C3DB0D0740D6001DA86');
Insert into T_TYPEITEM (ID,ITEM,URL,TYPEMENUTITLEID) values ('5CA60CD2D09C4CF496FC4D4130E6D2CD','哈伦裤','#','71D5114C7E894C3DB0D0740D6001DA86');
Insert into T_TYPEITEM (ID,ITEM,URL,TYPEMENUTITLEID) values ('1002DCE06C644B4A9255012C312861E7','背带裤','#','71D5114C7E894C3DB0D0740D6001DA86');
Insert into T_TYPEITEM (ID,ITEM,URL,TYPEMENUTITLEID) values ('D7EF0EF1C26B41ED85B6BDCB22B4623B','小脚裤','#','71D5114C7E894C3DB0D0740D6001DA86');
Insert into T_TYPEITEM (ID,ITEM,URL,TYPEMENUTITLEID) values ('EC345AF5F7D54C4782B85D5D8113FFDE','西装裤','#','71D5114C7E894C3DB0D0740D6001DA86');
Insert into T_TYPEITEM (ID,ITEM,URL,TYPEMENUTITLEID) values ('CA4BE7895C394E23A4310BBC2FB6B7EF','打底裤','#','71D5114C7E894C3DB0D0740D6001DA86');
Insert into T_TYPEITEM (ID,ITEM,URL,TYPEMENUTITLEID) values ('85F6AE0B152A42378D73BFE71C94088A','阔腿裤','#','71D5114C7E894C3DB0D0740D6001DA86');
Insert into T_TYPEITEM (ID,ITEM,URL,TYPEMENUTITLEID) values ('64AEF5CBCB3A4B48BE8EEB839F0D88D8','短裤','#','71D5114C7E894C3DB0D0740D6001DA86');
Insert into T_TYPEITEM (ID,ITEM,URL,TYPEMENUTITLEID) values ('C20C6B70AB764165B69F502B36276334','时尚气质套装','#','68AE4664D3B74C5DA1B9409FA0635D42');
Insert into T_TYPEITEM (ID,ITEM,URL,TYPEMENUTITLEID) values ('28E8F4305D7649D68180CA11BA6D633B','休闲运动套装','#','68AE4664D3B74C5DA1B9409FA0635D42');
Insert into T_TYPEITEM (ID,ITEM,URL,TYPEMENUTITLEID) values ('A9FFBE0C975F4590AC353B60BE39FD76','精选妈妈装','#','68AE4664D3B74C5DA1B9409FA0635D42');
Insert into T_TYPEITEM (ID,ITEM,URL,TYPEMENUTITLEID) values ('0D526BD6254949139B394B69FA9EE9B6','大码女装','#','68AE4664D3B74C5DA1B9409FA0635D42');
Insert into T_TYPEITEM (ID,ITEM,URL,TYPEMENUTITLEID) values ('0A3735A39D664B7080ADC834E0BE04F3','职业套装','#','68AE4664D3B74C5DA1B9409FA0635D42');
Insert into T_TYPEITEM (ID,ITEM,URL,TYPEMENUTITLEID) values ('C5F50EFADAA942238B9F436955D4BB6E','优雅旗袍','#','68AE4664D3B74C5DA1B9409FA0635D42');
Insert into T_TYPEITEM (ID,ITEM,URL,TYPEMENUTITLEID) values ('2CCF32F6CBDD4C0C8C326CEE071DD674','精致礼服','#','68AE4664D3B74C5DA1B9409FA0635D42');
Insert into T_TYPEITEM (ID,ITEM,URL,TYPEMENUTITLEID) values ('A9B368F4A68C49C9AC2582F14D9BB7F5','婚纱','#','68AE4664D3B74C5DA1B9409FA0635D42');
Insert into T_TYPEITEM (ID,ITEM,URL,TYPEMENUTITLEID) values ('AC5322A683884A29B4A8CD6BA3ABC175','唐装','#','68AE4664D3B74C5DA1B9409FA0635D42');
Insert into T_TYPEITEM (ID,ITEM,URL,TYPEMENUTITLEID) values ('8B7EA3A44B2B427495D8F3672A96073E','小码女装','#','68AE4664D3B74C5DA1B9409FA0635D42');
Insert into T_TYPEITEM (ID,ITEM,URL,TYPEMENUTITLEID) values ('6AC0D60B32C84050800643FBB5D42D3A','男士保暖','#','82BE0EF158E640E6B23C89051269D649');
Insert into T_TYPEITEM (ID,ITEM,URL,TYPEMENUTITLEID) values ('1C6BBBAA34A440ECAB3444DB9E9A4557','女士保暖','#','82BE0EF158E640E6B23C89051269D649');
Insert into T_TYPEITEM (ID,ITEM,URL,TYPEMENUTITLEID) values ('D1406413CDF646B69E64C370F2E70E5F','保暖加厚加绒','#','82BE0EF158E640E6B23C89051269D649');
Insert into T_TYPEITEM (ID,ITEM,URL,TYPEMENUTITLEID) values ('58A6005A3EB743E89BB29CA68B56AF68','男士内裤','#','82BE0EF158E640E6B23C89051269D649');
Insert into T_TYPEITEM (ID,ITEM,URL,TYPEMENUTITLEID) values ('C84AA98C2A144E7DB9FE79198A9A8E6F','女士内裤','#','82BE0EF158E640E6B23C89051269D649');
Insert into T_TYPEITEM (ID,ITEM,URL,TYPEMENUTITLEID) values ('074F9727F6544B9C9AB28279723B3EDF','吊带背心','#','82BE0EF158E640E6B23C89051269D649');
Insert into T_TYPEITEM (ID,ITEM,URL,TYPEMENUTITLEID) values ('6DE3A8D7E8324B05B19E0B0FF57978DD','睡衣','#','867F0DD2FA1446969FBCF92F0A42300A');
Insert into T_TYPEITEM (ID,ITEM,URL,TYPEMENUTITLEID) values ('E16EA10A9D51450682556C44E24AB9D2','少女家居服','#','867F0DD2FA1446969FBCF92F0A42300A');
Insert into T_TYPEITEM (ID,ITEM,URL,TYPEMENUTITLEID) values ('A9358632F4D54FF180DCB3C08FD8281E','睡袍','#','867F0DD2FA1446969FBCF92F0A42300A');
Insert into T_TYPEITEM (ID,ITEM,URL,TYPEMENUTITLEID) values ('1C38D2ED47C24D6D9DD831EEABCA5ADC','居家套装','#','867F0DD2FA1446969FBCF92F0A42300A');
Insert into T_TYPEITEM (ID,ITEM,URL,TYPEMENUTITLEID) values ('60898B03E40D4CAA88E1DBCD8B682B36','全棉睡衣','#','867F0DD2FA1446969FBCF92F0A42300A');
Insert into T_TYPEITEM (ID,ITEM,URL,TYPEMENUTITLEID) values ('BC202041928D4127981131B748AD8F8C','情侣家居服','#','867F0DD2FA1446969FBCF92F0A42300A');
Insert into T_TYPEITEM (ID,ITEM,URL,TYPEMENUTITLEID) values ('FA562EEE01A740FEAA42B4429589F62A','真丝家居服','#','867F0DD2FA1446969FBCF92F0A42300A');
Insert into T_TYPEITEM (ID,ITEM,URL,TYPEMENUTITLEID) values ('2ABE3B329D7644B4AAD1A9B4A8780F58','文胸','#','5E15E24DD53D4FF3A0090BCA48D87D89');
Insert into T_TYPEITEM (ID,ITEM,URL,TYPEMENUTITLEID) values ('AD50301896E84310B9B5B1826D60452C','文胸套装','#','5E15E24DD53D4FF3A0090BCA48D87D89');
Insert into T_TYPEITEM (ID,ITEM,URL,TYPEMENUTITLEID) values ('E4389F9935C245FCB9E25E5CDC540C0B','无钢圈','#','5E15E24DD53D4FF3A0090BCA48D87D89');
Insert into T_TYPEITEM (ID,ITEM,URL,TYPEMENUTITLEID) values ('59F5C9E0AFBF4FF0AB52799607BE4BAC','聚拢型','#','5E15E24DD53D4FF3A0090BCA48D87D89');
Insert into T_TYPEITEM (ID,ITEM,URL,TYPEMENUTITLEID) values ('BE9878785CB448308A761903EA4A96AF','塑身裤','#','5E15E24DD53D4FF3A0090BCA48D87D89');
Insert into T_TYPEITEM (ID,ITEM,URL,TYPEMENUTITLEID) values ('2A0946C4551A43CFAF7D0718B140F6E0','塑身连体衣','#','5E15E24DD53D4FF3A0090BCA48D87D89');
Insert into T_TYPEITEM (ID,ITEM,URL,TYPEMENUTITLEID) values ('1134407E346E439889624DBDB241CEE3','袜子','#','D821E899B6244D62AAF3AD7EBB5DD8C6');
Insert into T_TYPEITEM (ID,ITEM,URL,TYPEMENUTITLEID) values ('0ACBC6C7964D4816A552DCB32DCEFFF5','男士袜子','#','D821E899B6244D62AAF3AD7EBB5DD8C6');
Insert into T_TYPEITEM (ID,ITEM,URL,TYPEMENUTITLEID) values ('BE121EBD67144378BDCA46C75305D36C','加绒丝袜','#','D821E899B6244D62AAF3AD7EBB5DD8C6');
Insert into T_TYPEITEM (ID,ITEM,URL,TYPEMENUTITLEID) values ('8D2B5E372B1448DB82A405FA5248992B','女士船袜','#','D821E899B6244D62AAF3AD7EBB5DD8C6');
Insert into T_TYPEITEM (ID,ITEM,URL,TYPEMENUTITLEID) values ('CAE8D887765C455C8A3063E8303F7035','短靴','#','CCC03E904810485F92A3C1F63863B96E');
Insert into T_TYPEITEM (ID,ITEM,URL,TYPEMENUTITLEID) values ('C8301E0A1E3E4109A638C98D6572751B','短靴','#','CCC03E904810485F92A3C1F63863B96E');
Insert into T_TYPEITEM (ID,ITEM,URL,TYPEMENUTITLEID) values ('205C3C398E014868A47D24743001DA7E','马丁靴','#','CCC03E904810485F92A3C1F63863B96E');
Insert into T_TYPEITEM (ID,ITEM,URL,TYPEMENUTITLEID) values ('6038DA0DB1534F99B63CC90371DDE56D','雪地靴','#','CCC03E904810485F92A3C1F63863B96E');
Insert into T_TYPEITEM (ID,ITEM,URL,TYPEMENUTITLEID) values ('457F7CB0D87F4B6FAC2568C67EBF55FE','中筒靴','#','CCC03E904810485F92A3C1F63863B96E');
Insert into T_TYPEITEM (ID,ITEM,URL,TYPEMENUTITLEID) values ('65DE419333D64AB9AA22EC39349AD65E','长靴','#','CCC03E904810485F92A3C1F63863B96E');
Insert into T_TYPEITEM (ID,ITEM,URL,TYPEMENUTITLEID) values ('CE938F74469C46FB99C71E53A213961C','过膝靴','#','CCC03E904810485F92A3C1F63863B96E');
Insert into T_TYPEITEM (ID,ITEM,URL,TYPEMENUTITLEID) values ('616597C7F3A543198EE664CD21C86C64','流苏靴','#','CCC03E904810485F92A3C1F63863B96E');
Insert into T_TYPEITEM (ID,ITEM,URL,TYPEMENUTITLEID) values ('559C49C2788340168A8DD742987A56B3','时装靴棉/毛靴','#','CCC03E904810485F92A3C1F63863B96E');
Insert into T_TYPEITEM (ID,ITEM,URL,TYPEMENUTITLEID) values ('F7A2EEE449434696B15C04B57924AAA1','商场同款','#','860369CCE6F2436A9BE78B393F5F4F43');
Insert into T_TYPEITEM (ID,ITEM,URL,TYPEMENUTITLEID) values ('3BEF597A9DA44BA482717CB8A789AF00','休闲鞋','#','860369CCE6F2436A9BE78B393F5F4F43');
Insert into T_TYPEITEM (ID,ITEM,URL,TYPEMENUTITLEID) values ('CAC901E384544F21AF1B8C97F4CCCE01','高帮鞋','#','860369CCE6F2436A9BE78B393F5F4F43');
Insert into T_TYPEITEM (ID,ITEM,URL,TYPEMENUTITLEID) values ('5220219EBEDC45659955BCC65AF0F7A1','靴子','#','860369CCE6F2436A9BE78B393F5F4F43');
Insert into T_TYPEITEM (ID,ITEM,URL,TYPEMENUTITLEID) values ('A86CD17B98E04B06A45DCAF0F99ADDF2','正装皮鞋','#','860369CCE6F2436A9BE78B393F5F4F43');
Insert into T_TYPEITEM (ID,ITEM,URL,TYPEMENUTITLEID) values ('2DA2D37DB3C845FE8D1E3115E8D7953C','休闲皮鞋','#','860369CCE6F2436A9BE78B393F5F4F43');
Insert into T_TYPEITEM (ID,ITEM,URL,TYPEMENUTITLEID) values ('E947F6AC686049D38BBAC742F0B0337D','板鞋','#','860369CCE6F2436A9BE78B393F5F4F43');
Insert into T_TYPEITEM (ID,ITEM,URL,TYPEMENUTITLEID) values ('BA7733F478474C3EBD9C0FC072DA6894','户外休闲','#','860369CCE6F2436A9BE78B393F5F4F43');
Insert into T_TYPEITEM (ID,ITEM,URL,TYPEMENUTITLEID) values ('2EC66499F6F147B29567A492A24666F3','帆布鞋','#','860369CCE6F2436A9BE78B393F5F4F43');
Insert into T_TYPEITEM (ID,ITEM,URL,TYPEMENUTITLEID) values ('AFB98F1A549947B08C1BB57AC1AF7A8B','运动休闲','#','860369CCE6F2436A9BE78B393F5F4F43');
Insert into T_TYPEITEM (ID,ITEM,URL,TYPEMENUTITLEID) values ('C7E3307CFF8C4B819822428758EEB032','乐福鞋','#','860369CCE6F2436A9BE78B393F5F4F43');
Insert into T_TYPEITEM (ID,ITEM,URL,TYPEMENUTITLEID) values ('F3683A329CEB4B0B8225CAD0792B6E16','豆豆鞋','#','860369CCE6F2436A9BE78B393F5F4F43');
Insert into T_TYPEITEM (ID,ITEM,URL,TYPEMENUTITLEID) values ('EEADE1CDC2814A419FACE15184B4791C','布洛克','#','860369CCE6F2436A9BE78B393F5F4F43');
Insert into T_TYPEITEM (ID,ITEM,URL,TYPEMENUTITLEID) values ('08318D31A2BC4BEDAE67FD4174F17DAB','帆船鞋','#','860369CCE6F2436A9BE78B393F5F4F43');
Insert into T_TYPEITEM (ID,ITEM,URL,TYPEMENUTITLEID) values ('E3D900B81B2A493FBA4C693CAC3A8B14','布鞋','#','860369CCE6F2436A9BE78B393F5F4F43');
Insert into T_TYPEITEM (ID,ITEM,URL,TYPEMENUTITLEID) values ('AB6B235B2BF1473A9471A8AFA8C3730E','单鞋','#','7B49BCD5A0E543B8843310485AB0F01A');
Insert into T_TYPEITEM (ID,ITEM,URL,TYPEMENUTITLEID) values ('34851176DFE542BB89778609BEADC3AF','小白鞋','#','7B49BCD5A0E543B8843310485AB0F01A');
Insert into T_TYPEITEM (ID,ITEM,URL,TYPEMENUTITLEID) values ('ECF2E790501A4871ACA499A7F1FE5DEA','商场同款','#','7B49BCD5A0E543B8843310485AB0F01A');
Insert into T_TYPEITEM (ID,ITEM,URL,TYPEMENUTITLEID) values ('58EB03784A3349F6A42E1EDF6402DE99','帆布鞋','#','7B49BCD5A0E543B8843310485AB0F01A');
Insert into T_TYPEITEM (ID,ITEM,URL,TYPEMENUTITLEID) values ('C3CB42A9E63D4625949D8B89993693B9','深口单鞋','#','7B49BCD5A0E543B8843310485AB0F01A');
Insert into T_TYPEITEM (ID,ITEM,URL,TYPEMENUTITLEID) values ('A5188EFD6CAB4CDA90779425108057F4','浅口单鞋','#','7B49BCD5A0E543B8843310485AB0F01A');
Insert into T_TYPEITEM (ID,ITEM,URL,TYPEMENUTITLEID) values ('AA966346552F41FCB7B374B5F868E7C0','平底单鞋','#','7B49BCD5A0E543B8843310485AB0F01A');
Insert into T_TYPEITEM (ID,ITEM,URL,TYPEMENUTITLEID) values ('37835ADA298F43989AC2BBC2E7209F74','高跟单鞋','#','7B49BCD5A0E543B8843310485AB0F01A');
Insert into T_TYPEITEM (ID,ITEM,URL,TYPEMENUTITLEID) values ('200BC1BA72C54B93982E80E1D9F0D877','坡跟单鞋','#','7B49BCD5A0E543B8843310485AB0F01A');
Insert into T_TYPEITEM (ID,ITEM,URL,TYPEMENUTITLEID) values ('B20179D80A964604BBAF7CA5D3BF3519','豆豆鞋','#','7B49BCD5A0E543B8843310485AB0F01A');
Insert into T_TYPEITEM (ID,ITEM,URL,TYPEMENUTITLEID) values ('3810A1A7E60C4DEAAE0AF7BC0A42A13A','乐福鞋','#','7B49BCD5A0E543B8843310485AB0F01A');
Insert into T_TYPEITEM (ID,ITEM,URL,TYPEMENUTITLEID) values ('F6FE965DEDA844CCBEBC06A83C0A52EC','牛津鞋','#','7B49BCD5A0E543B8843310485AB0F01A');
Insert into T_TYPEITEM (ID,ITEM,URL,TYPEMENUTITLEID) values ('3C53C6E0992B4099894F9FA0529AF78A','妈妈鞋','#','AAF4A9A67EFE4B80A3ECF83B3B053543');
Insert into T_TYPEITEM (ID,ITEM,URL,TYPEMENUTITLEID) values ('EF3C3FF5BB57473D8678A097F80FD57F','大码女鞋','#','AAF4A9A67EFE4B80A3ECF83B3B053543');
Insert into T_TYPEITEM (ID,ITEM,URL,TYPEMENUTITLEID) values ('BD3094C01FD345E886D2B712577F03D8','小码女鞋','#','AAF4A9A67EFE4B80A3ECF83B3B053543');
Insert into T_TYPEITEM (ID,ITEM,URL,TYPEMENUTITLEID) values ('F65A00EC44A44C59BD097B5777919465','女内增高','#','AAF4A9A67EFE4B80A3ECF83B3B053543');
Insert into T_TYPEITEM (ID,ITEM,URL,TYPEMENUTITLEID) values ('56E03BF34FE7432B8333E554D5A17F96','男内增高','#','AAF4A9A67EFE4B80A3ECF83B3B053543');
Insert into T_TYPEITEM (ID,ITEM,URL,TYPEMENUTITLEID) values ('18933548064C4B398E666B22AAD8AF46','软轻风','#','AAF4A9A67EFE4B80A3ECF83B3B053543');
Insert into T_TYPEITEM (ID,ITEM,URL,TYPEMENUTITLEID) values ('9850CBBCEEA749F6AA3315A4BD2973CE','爸爸鞋','#','AAF4A9A67EFE4B80A3ECF83B3B053543');
Insert into T_TYPEITEM (ID,ITEM,URL,TYPEMENUTITLEID) values ('DCFD9377C2634C46A31FE84E1FF11683','大码男鞋','#','AAF4A9A67EFE4B80A3ECF83B3B053543');
Insert into T_TYPEITEM (ID,ITEM,URL,TYPEMENUTITLEID) values ('5CE55AF6C60D4AC4BB0D030448EB057D','小码男鞋','#','AAF4A9A67EFE4B80A3ECF83B3B053543');
Insert into T_TYPEITEM (ID,ITEM,URL,TYPEMENUTITLEID) values ('24D0165623CA4898937852052EEEBC18','新品推荐','#','92A2316357F3496E981AC97BF156C69D');
Insert into T_TYPEITEM (ID,ITEM,URL,TYPEMENUTITLEID) values ('1B557DBF58C9432DB735594B2B50B2B2','商场同款','#','92A2316357F3496E981AC97BF156C69D');
Insert into T_TYPEITEM (ID,ITEM,URL,TYPEMENUTITLEID) values ('C1D00C39AE0B41B6BB6452CACE4CA481','女士钱包','#','92A2316357F3496E981AC97BF156C69D');
Insert into T_TYPEITEM (ID,ITEM,URL,TYPEMENUTITLEID) values ('5BF81D7CC75240538EEB9DEDC06A4DFD','单肩包','#','92A2316357F3496E981AC97BF156C69D');
Insert into T_TYPEITEM (ID,ITEM,URL,TYPEMENUTITLEID) values ('9E4CFA992E474580A54C651D0771563E','斜跨包','#','92A2316357F3496E981AC97BF156C69D');
Insert into T_TYPEITEM (ID,ITEM,URL,TYPEMENUTITLEID) values ('8535DBC9A4A74766B2870FD5D34066BE','手提包','#','92A2316357F3496E981AC97BF156C69D');
Insert into T_TYPEITEM (ID,ITEM,URL,TYPEMENUTITLEID) values ('DDC2898C3A264C4795AEF6244A7FBBE2','手拿包','#','92A2316357F3496E981AC97BF156C69D');
Insert into T_TYPEITEM (ID,ITEM,URL,TYPEMENUTITLEID) values ('079CEBD7ED844641A9B4D5D91B4AA15B','腰包','#','92A2316357F3496E981AC97BF156C69D');
Insert into T_TYPEITEM (ID,ITEM,URL,TYPEMENUTITLEID) values ('C0C343E10D3A401E925EE16E27463850','胸包','#','92A2316357F3496E981AC97BF156C69D');
Insert into T_TYPEITEM (ID,ITEM,URL,TYPEMENUTITLEID) values ('EEB9B4FBEA664A55AFB6B8B68149A157','化妆包','#','92A2316357F3496E981AC97BF156C69D');
Insert into T_TYPEITEM (ID,ITEM,URL,TYPEMENUTITLEID) values ('F585F01AF0704AD392323D26B2A84D06','万向轮箱','#','EF9A8B4CD2D44D00917745FA0457A1A4');
Insert into T_TYPEITEM (ID,ITEM,URL,TYPEMENUTITLEID) values ('80FCB4A502564BADA7F30FE0F2EB33A5','女士双肩包','#','EF9A8B4CD2D44D00917745FA0457A1A4');
Insert into T_TYPEITEM (ID,ITEM,URL,TYPEMENUTITLEID) values ('9B3E15C42F904B4CBA8C20DA86ED1DEE','男士钱包','#','924276A205924D8DA639F8288557BA60');
Insert into T_TYPEITEM (ID,ITEM,URL,TYPEMENUTITLEID) values ('14B570C3E6434721A48DBA3D3C74B403','收纳包','#','924276A205924D8DA639F8288557BA60');
Insert into T_TYPEITEM (ID,ITEM,URL,TYPEMENUTITLEID) values ('F37EC7E3D8FC44C7BBC60580959C4103','胸包','#','924276A205924D8DA639F8288557BA60');
Insert into T_TYPEITEM (ID,ITEM,URL,TYPEMENUTITLEID) values ('7CA9212C7905403896A114DD2864947C','腰包','#','924276A205924D8DA639F8288557BA60');
Insert into T_TYPEITEM (ID,ITEM,URL,TYPEMENUTITLEID) values ('D8CC004C9DE846158CA8CD7306B50BE2','手拿包','#','924276A205924D8DA639F8288557BA60');
Insert into T_TYPEITEM (ID,ITEM,URL,TYPEMENUTITLEID) values ('EFBA4A960F1A4508A19838C1EB69DC07','手提包','#','924276A205924D8DA639F8288557BA60');
Insert into T_TYPEITEM (ID,ITEM,URL,TYPEMENUTITLEID) values ('DBCE41A1558147A98BB8C26B0BBD6BF7','斜跨包','#','924276A205924D8DA639F8288557BA60');
Insert into T_TYPEITEM (ID,ITEM,URL,TYPEMENUTITLEID) values ('3D7C1D300B4C4D2BAD77D7AFDD2FDBA9','单肩包','#','924276A205924D8DA639F8288557BA60');
Insert into T_TYPEITEM (ID,ITEM,URL,TYPEMENUTITLEID) values ('80FC752933FF473EB013A5079D8F828D','商场同款','#','924276A205924D8DA639F8288557BA60');
Insert into T_TYPEITEM (ID,ITEM,URL,TYPEMENUTITLEID) values ('3A8E9B3F787C467386930744CDE34690','新品推荐','#','924276A205924D8DA639F8288557BA60');
Insert into T_TYPEITEM (ID,ITEM,URL,TYPEMENUTITLEID) values ('FC8799B33EFA4F5F8CE3F90FC5145FCD','旅行箱','#','EF9A8B4CD2D44D00917745FA0457A1A4');
Insert into T_TYPEITEM (ID,ITEM,URL,TYPEMENUTITLEID) values ('2A4BF0E165FF4517999F6839E286CEA1','男士双肩包','#','EF9A8B4CD2D44D00917745FA0457A1A4');
Insert into T_TYPEITEM (ID,ITEM,URL,TYPEMENUTITLEID) values ('370BA5043DEC4A1FBDE571CBD9473F78','韩版双肩包','#','EF9A8B4CD2D44D00917745FA0457A1A4');
Insert into T_TYPEITEM (ID,ITEM,URL,TYPEMENUTITLEID) values ('002EB1BBD04F45BE9A7196D975C43C86','铆钉双肩包','#','EF9A8B4CD2D44D00917745FA0457A1A4');
Insert into T_TYPEITEM (ID,ITEM,URL,TYPEMENUTITLEID) values ('0B52A26D70B54521BA7812F0137375F7','女士钱包','#','EF9A8B4CD2D44D00917745FA0457A1A4');
Insert into T_TYPEITEM (ID,ITEM,URL,TYPEMENUTITLEID) values ('C015AD4B770A408AA3ADC5AD34220734','男士钱包','#','EF9A8B4CD2D44D00917745FA0457A1A4');
Insert into T_TYPEITEM (ID,ITEM,URL,TYPEMENUTITLEID) values ('193B7DBB42D84E949E1D422DC5F4A32C','大容量印花','#','EF9A8B4CD2D44D00917745FA0457A1A4');
Insert into T_TYPEITEM (ID,ITEM,URL,TYPEMENUTITLEID) values ('07530C9D79134B73B37AB0D62C0DD350','棉衣','#','A9E52061ECC54859B3E7861B079BF212');
Insert into T_TYPEITEM (ID,ITEM,URL,TYPEMENUTITLEID) values ('1BDA6552B0E74C9781F2B6AC8ACF9E7F','大衣','#','A9E52061ECC54859B3E7861B079BF212');
Insert into T_TYPEITEM (ID,ITEM,URL,TYPEMENUTITLEID) values ('1726D17BBBDA45019407EFA1F41C59F0','风衣','#','A9E52061ECC54859B3E7861B079BF212');
Insert into T_TYPEITEM (ID,ITEM,URL,TYPEMENUTITLEID) values ('5A1351CBE83F4FE0B6DD19FC6913B75E','夹克','#','A9E52061ECC54859B3E7861B079BF212');
Insert into T_TYPEITEM (ID,ITEM,URL,TYPEMENUTITLEID) values ('7BD795E1DFF84DCBBCFC3F5AC4739BE4','单西','#','A9E52061ECC54859B3E7861B079BF212');
Insert into T_TYPEITEM (ID,ITEM,URL,TYPEMENUTITLEID) values ('876EDB9AFFC649CDA1C605874BE503F8','西服套装','#','A9E52061ECC54859B3E7861B079BF212');
Insert into T_TYPEITEM (ID,ITEM,URL,TYPEMENUTITLEID) values ('8FEEEDBB259F402584B54A4312B757B9','皮衣','#','A9E52061ECC54859B3E7861B079BF212');
Insert into T_TYPEITEM (ID,ITEM,URL,TYPEMENUTITLEID) values ('670F7A044613459AA6183B8340888F3F','运动服','#','A9E52061ECC54859B3E7861B079BF212');
Insert into T_TYPEITEM (ID,ITEM,URL,TYPEMENUTITLEID) values ('3FD91B832C5F4568AC46A9B4B5623FB0','棒球服','#','A9E52061ECC54859B3E7861B079BF212');
Insert into T_TYPEITEM (ID,ITEM,URL,TYPEMENUTITLEID) values ('94019178B2024A17B253366A6179D3AA','工装','#','A9E52061ECC54859B3E7861B079BF212');
Insert into T_TYPEITEM (ID,ITEM,URL,TYPEMENUTITLEID) values ('06A2EE270BFC41A392E25FC9264A3F2D','外套','#','A9E52061ECC54859B3E7861B079BF212');
Insert into T_TYPEITEM (ID,ITEM,URL,TYPEMENUTITLEID) values ('6880F76FED2F4CCB9BAE1B2630A68671','长袖T恤','#','9EBEFDC105E8415BA4370B28F81AE95D');
Insert into T_TYPEITEM (ID,ITEM,URL,TYPEMENUTITLEID) values ('60A10D375B9649AC86278159342FD1CF','卫衣','#','9EBEFDC105E8415BA4370B28F81AE95D');
Insert into T_TYPEITEM (ID,ITEM,URL,TYPEMENUTITLEID) values ('3BEB6F193D7442178B2C663E44FBB509','针织衫/毛衣','#','9EBEFDC105E8415BA4370B28F81AE95D');
Insert into T_TYPEITEM (ID,ITEM,URL,TYPEMENUTITLEID) values ('74F09415EFA6465BA3999FCA79B28423','背心','#','9EBEFDC105E8415BA4370B28F81AE95D');
Insert into T_TYPEITEM (ID,ITEM,URL,TYPEMENUTITLEID) values ('94A7DA62F0A642409A685FA7314C0F05','短袖T恤','#','9EBEFDC105E8415BA4370B28F81AE95D');
Insert into T_TYPEITEM (ID,ITEM,URL,TYPEMENUTITLEID) values ('BD0F72BD057549A48DAA4C72823A42C9','POLO衫','#','9EBEFDC105E8415BA4370B28F81AE95D');
Insert into T_TYPEITEM (ID,ITEM,URL,TYPEMENUTITLEID) values ('C3037DB73116482D8E86FC8831CF63BD','新品推荐','#','9E5B00BABADB4A5DAAEADB21F1F63E97');
Insert into T_TYPEITEM (ID,ITEM,URL,TYPEMENUTITLEID) values ('5AF26317D4F74775B6BEDA9285CCEAD9','商场同款','#','9E5B00BABADB4A5DAAEADB21F1F63E97');
Insert into T_TYPEITEM (ID,ITEM,URL,TYPEMENUTITLEID) values ('1865F32D61644CAFAF698B959CD1B995','时尚羽绒','#','9E5B00BABADB4A5DAAEADB21F1F63E97');
Insert into T_TYPEITEM (ID,ITEM,URL,TYPEMENUTITLEID) values ('F210DE2029C1427791B95970B53B088F','毛呢大衣','#','9E5B00BABADB4A5DAAEADB21F1F63E97');
Insert into T_TYPEITEM (ID,ITEM,URL,TYPEMENUTITLEID) values ('361A8998E88547ADA902521008205FDB','温暖毛衣','#','9E5B00BABADB4A5DAAEADB21F1F63E97');
Insert into T_TYPEITEM (ID,ITEM,URL,TYPEMENUTITLEID) values ('350A9EFB018849128F2543C8CB590C44','修身夹克','#','9E5B00BABADB4A5DAAEADB21F1F63E97');
Insert into T_TYPEITEM (ID,ITEM,URL,TYPEMENUTITLEID) values ('C241FB9F90134D039573F33464075B84','牛仔夹克','#','9E5B00BABADB4A5DAAEADB21F1F63E97');
Insert into T_TYPEITEM (ID,ITEM,URL,TYPEMENUTITLEID) values ('067C51CFAA734E9C93E248909403B84E','西装潮流','#','9E5B00BABADB4A5DAAEADB21F1F63E97');
Insert into T_TYPEITEM (ID,ITEM,URL,TYPEMENUTITLEID) values ('183FD7FE48214E60ABA2BC5D641761CF','卫衣','#','9E5B00BABADB4A5DAAEADB21F1F63E97');
Insert into T_TYPEITEM (ID,ITEM,URL,TYPEMENUTITLEID) values ('FC773FAEF784474DB66EC1584344637E','束脚裤','#','9E5B00BABADB4A5DAAEADB21F1F63E97');
Insert into T_TYPEITEM (ID,ITEM,URL,TYPEMENUTITLEID) values ('573D38EBCB3A40E09EA901A5019822AF','破洞牛仔裤','#','9E5B00BABADB4A5DAAEADB21F1F63E97');
Insert into T_TYPEITEM (ID,ITEM,URL,TYPEMENUTITLEID) values ('A46B4C183FCB4C58B91BC58129FCFDF9','羽绒服','#','A9E52061ECC54859B3E7861B079BF212');
Insert into T_TYPEITEM (ID,ITEM,URL,TYPEMENUTITLEID) values ('629D7233A5B54A7F979FBE64EAC047AB','织外套','#','A9E52061ECC54859B3E7861B079BF212');
Insert into T_TYPEITEM (ID,ITEM,URL,TYPEMENUTITLEID) values ('3A9EEE9605BF44AE99CC3D8924A14892','马甲','#','A9E52061ECC54859B3E7861B079BF212');
Insert into T_TYPEITEM (ID,ITEM,URL,TYPEMENUTITLEID) values ('D58A978D5E4A40E1B1A4AB46ECAB604F','休闲裤','#','B42FF2BC51924014950664C0DDEE5EC1');
Insert into T_TYPEITEM (ID,ITEM,URL,TYPEMENUTITLEID) values ('42D99FA7EE064023B73E417AA1E831DA','牛仔裤','#','B42FF2BC51924014950664C0DDEE5EC1');
Insert into T_TYPEITEM (ID,ITEM,URL,TYPEMENUTITLEID) values ('1993034FD2604E2897B3F25B761ECBDE','西裤','#','B42FF2BC51924014950664C0DDEE5EC1');
Insert into T_TYPEITEM (ID,ITEM,URL,TYPEMENUTITLEID) values ('46A80ABF625747008942F166EA3DDB4E','小脚裤','#','B42FF2BC51924014950664C0DDEE5EC1');
Insert into T_TYPEITEM (ID,ITEM,URL,TYPEMENUTITLEID) values ('91F4F22AF8A4412E9FD85A61E5CC875D','运动裤','#','B42FF2BC51924014950664C0DDEE5EC1');
Insert into T_TYPEITEM (ID,ITEM,URL,TYPEMENUTITLEID) values ('A9556A98ADC3487F8B10B1A799943D84','针织裤','#','B42FF2BC51924014950664C0DDEE5EC1');
Insert into T_TYPEITEM (ID,ITEM,URL,TYPEMENUTITLEID) values ('7909C4D9F40044F18C1AD254E6A915EF','工装裤','#','B42FF2BC51924014950664C0DDEE5EC1');
Insert into T_TYPEITEM (ID,ITEM,URL,TYPEMENUTITLEID) values ('C5BF59F1363F43B7A5109DCC504F61C2','9分裤','#','B42FF2BC51924014950664C0DDEE5EC1');
Insert into T_TYPEITEM (ID,ITEM,URL,TYPEMENUTITLEID) values ('CD7A781CCFD14204B4905C83C5432BA3','衬衫','#','9EBEFDC105E8415BA4370B28F81AE95D');
Insert into T_TYPEITEM (ID,ITEM,URL,TYPEMENUTITLEID) values ('8A16A04336424ED6920F0BCCC1C240B9','短裤','#','B42FF2BC51924014950664C0DDEE5EC1');
Insert into T_TYPEITEM (ID,ITEM,URL,TYPEMENUTITLEID) values ('1191E759BE8A4B43972CFB4CEB8E11B3','潮牌','#','06811878AD544629991CAD72D69D8C02');
Insert into T_TYPEITEM (ID,ITEM,URL,TYPEMENUTITLEID) values ('EC2C920A899641E6B2433F31B9BC68BF','中老年','#','06811878AD544629991CAD72D69D8C02');
Insert into T_TYPEITEM (ID,ITEM,URL,TYPEMENUTITLEID) values ('8C62B68DD24A415DBF01B8B608D9CBC8','加大码','#','06811878AD544629991CAD72D69D8C02');
Insert into T_TYPEITEM (ID,ITEM,URL,TYPEMENUTITLEID) values ('840D50B9CCDF4D3BB2C3FBC939D714E3','职业装','#','06811878AD544629991CAD72D69D8C02');
Insert into T_TYPEITEM (ID,ITEM,URL,TYPEMENUTITLEID) values ('50C1369944AA4156A1E0D7383BE7B5C7','中国风','#','06811878AD544629991CAD72D69D8C02');
Insert into T_TYPEITEM (ID,ITEM,URL,TYPEMENUTITLEID) values ('B1F7A1137B8744E49712628135F46799','情侣装','#','06811878AD544629991CAD72D69D8C02');
Insert into T_TYPEITEM (ID,ITEM,URL,TYPEMENUTITLEID) values ('86B345805D40459C867466C884253E99','跑步鞋','#','A15DE1B58DA1421ABA0E181A83A9162A');
Insert into T_TYPEITEM (ID,ITEM,URL,TYPEMENUTITLEID) values ('F7A38AF52E824FBFBC7548ED990DC74A','运动鞋','#','A15DE1B58DA1421ABA0E181A83A9162A');
Insert into T_TYPEITEM (ID,ITEM,URL,TYPEMENUTITLEID) values ('F6CA9CB98CEA42779EAF0289AD1F4206','板鞋','#','A15DE1B58DA1421ABA0E181A83A9162A');
Insert into T_TYPEITEM (ID,ITEM,URL,TYPEMENUTITLEID) values ('AA6B1D55A94E423F8DD8CFB20EE6E542','潮鞋','#','A15DE1B58DA1421ABA0E181A83A9162A');
Insert into T_TYPEITEM (ID,ITEM,URL,TYPEMENUTITLEID) values ('75010F48BC1647A5BD2564C844456B66','休闲鞋','#','A15DE1B58DA1421ABA0E181A83A9162A');
Insert into T_TYPEITEM (ID,ITEM,URL,TYPEMENUTITLEID) values ('861CE41270B54E0AB510F12CFC5E2622','篮球鞋','#','A15DE1B58DA1421ABA0E181A83A9162A');
Insert into T_TYPEITEM (ID,ITEM,URL,TYPEMENUTITLEID) values ('63118E2B4A0549C998A6E94AA0212758','足球鞋','#','A15DE1B58DA1421ABA0E181A83A9162A');
Insert into T_TYPEITEM (ID,ITEM,URL,TYPEMENUTITLEID) values ('075B49ADC88040FF84D0AF9D54DFFABE','运动裤','#','665251BBD85245AF9745C58DE112BADD');
Insert into T_TYPEITEM (ID,ITEM,URL,TYPEMENUTITLEID) values ('C9B33E1AEBD942CAB59B93F0C7DEA35B','运动卫衣','#','665251BBD85245AF9745C58DE112BADD');
Insert into T_TYPEITEM (ID,ITEM,URL,TYPEMENUTITLEID) values ('9BAF8EAD04084ACD95C558BA786B6841','运动套装','#','665251BBD85245AF9745C58DE112BADD');
Insert into T_TYPEITEM (ID,ITEM,URL,TYPEMENUTITLEID) values ('2B3E047D64724E96A42636BD6DD48691','运动茄克','#','665251BBD85245AF9745C58DE112BADD');
Insert into T_TYPEITEM (ID,ITEM,URL,TYPEMENUTITLEID) values ('46A6A823AA3047F0A049AEB053E53D63','羽绒服','#','665251BBD85245AF9745C58DE112BADD');
Insert into T_TYPEITEM (ID,ITEM,URL,TYPEMENUTITLEID) values ('261A004AEE3944B3A697BE793E4EE329','冲锋衣','#','812B96B5F1F24B4FA0D7FF1E23A9A326');
Insert into T_TYPEITEM (ID,ITEM,URL,TYPEMENUTITLEID) values ('EA104A3F883A45B4BD2F6536FFFA7661','抓绒衣','#','812B96B5F1F24B4FA0D7FF1E23A9A326');
Insert into T_TYPEITEM (ID,ITEM,URL,TYPEMENUTITLEID) values ('518AA865E56649F39AD1AB5B7E2192E7','登山鞋','#','812B96B5F1F24B4FA0D7FF1E23A9A326');
Insert into T_TYPEITEM (ID,ITEM,URL,TYPEMENUTITLEID) values ('3FCFFD1634CD4FC5B13021B4C927D917','户外休闲衣','#','812B96B5F1F24B4FA0D7FF1E23A9A326');
Insert into T_TYPEITEM (ID,ITEM,URL,TYPEMENUTITLEID) values ('BDBA7BD000AC498396D97C5982EFDB12','军迷','#','812B96B5F1F24B4FA0D7FF1E23A9A326');
Insert into T_TYPEITEM (ID,ITEM,URL,TYPEMENUTITLEID) values ('01DC87C0F91242B5B42022AA883801D6','钓鱼服','#','812B96B5F1F24B4FA0D7FF1E23A9A326');
Insert into T_TYPEITEM (ID,ITEM,URL,TYPEMENUTITLEID) values ('9B715A726385487B9EB6A39D498C961E','钓竿','#','0B7D6101E725483EB4A5AF7A50DFD028');
Insert into T_TYPEITEM (ID,ITEM,URL,TYPEMENUTITLEID) values ('F49C65C312714903A712B48B7E3B9488','双肩背包','#','0B7D6101E725483EB4A5AF7A50DFD028');
Insert into T_TYPEITEM (ID,ITEM,URL,TYPEMENUTITLEID) values ('CE712FAFAF594000AAC853E4DD5F7B9A','户外包','#','0B7D6101E725483EB4A5AF7A50DFD028');
Insert into T_TYPEITEM (ID,ITEM,URL,TYPEMENUTITLEID) values ('70FCB3C38C5A4CDF835C205F1C9DE3C0','帐篷','#','0B7D6101E725483EB4A5AF7A50DFD028');
Insert into T_TYPEITEM (ID,ITEM,URL,TYPEMENUTITLEID) values ('DD2EC93A9A8D4056A7882344B93B2D3C','手电筒','#','0B7D6101E725483EB4A5AF7A50DFD028');
Insert into T_TYPEITEM (ID,ITEM,URL,TYPEMENUTITLEID) values ('CE28A851776A466F9247894F504AEA37','防潮垫','#','0B7D6101E725483EB4A5AF7A50DFD028');
Insert into T_TYPEITEM (ID,ITEM,URL,TYPEMENUTITLEID) values ('4222D9806BF144E6AFFBAF1AB980DEE6','刀具','#','0B7D6101E725483EB4A5AF7A50DFD028');
Insert into T_TYPEITEM (ID,ITEM,URL,TYPEMENUTITLEID) values ('3A9B788E8C724F38AEC85BB27B83DC5A','登山杖','#','0B7D6101E725483EB4A5AF7A50DFD028');
Insert into T_TYPEITEM (ID,ITEM,URL,TYPEMENUTITLEID) values ('D4144F2878134AADB9C4D075D3A6D017','睡袋','#','0B7D6101E725483EB4A5AF7A50DFD028');
Insert into T_TYPEITEM (ID,ITEM,URL,TYPEMENUTITLEID) values ('7EB7896B7AC34E5FB065EFF77FBF9018','跑步机','#','2070FA0BD8F5449DB05204660C5E828E');
Insert into T_TYPEITEM (ID,ITEM,URL,TYPEMENUTITLEID) values ('2B672C07A9874638ABE7E7BD33CCE93D','电动车','#','2070FA0BD8F5449DB05204660C5E828E');
Insert into T_TYPEITEM (ID,ITEM,URL,TYPEMENUTITLEID) values ('4E50A5BFF8084C42A0181811AAB403E4','电动车挡风被','#','2070FA0BD8F5449DB05204660C5E828E');
Insert into T_TYPEITEM (ID,ITEM,URL,TYPEMENUTITLEID) values ('08AAA9CE9EDC4E9A8FBA16870BB01446','自行车','#','2070FA0BD8F5449DB05204660C5E828E');
Insert into T_TYPEITEM (ID,ITEM,URL,TYPEMENUTITLEID) values ('F72760EF74844FB598C3F18B06EEF7C2','瑜伽垫','#','2070FA0BD8F5449DB05204660C5E828E');
Insert into T_TYPEITEM (ID,ITEM,URL,TYPEMENUTITLEID) values ('54D1D4013C6F479DA6D462E52AC5E9AD','瑜伽服','#','2070FA0BD8F5449DB05204660C5E828E');
Insert into T_TYPEITEM (ID,ITEM,URL,TYPEMENUTITLEID) values ('B5EB74D2C8AC475CBA8F689C3D5FF849','羽毛球拍','#','2070FA0BD8F5449DB05204660C5E828E');
Insert into T_TYPEITEM (ID,ITEM,URL,TYPEMENUTITLEID) values ('6A2AFB0A35614EF89B39EE7931592869','篮球','#','2070FA0BD8F5449DB05204660C5E828E');

CREATE TABLE T_CART( --购物车表
	ID CHAR(32 BYTE), 
	GOODSID CHAR(32 BYTE), 
	USERID CHAR(32 BYTE), 
	GOODSNUM NUMBER, 
	CREATETIME DATE DEFAULT SYSDATE, 
	CHECKED NUMBER DEFAULT 1
);

CREATE TABLE T_ORDER( --订单表
	ID CHAR(32 BYTE), 
	ORDERNUM VARCHAR2(100 BYTE), 
	BEGINTIME DATE DEFAULT SYSDATE, 
	ENDTIME DATE, 
	STATUS NUMBER DEFAULT 1, 
	TOTALMONEY NUMBER(20,2), 
	PAYWAY VARCHAR2(20 BYTE), 
	USERID CHAR(32 BYTE), 
	USERNAME VARCHAR2(50 BYTE), 
	ADDRESSID CHAR(32 BYTE)
);

CREATE TABLE T_ORDER_GOODS( --订单商品关联表
	ID CHAR(32 BYTE), 
	ORDERID CHAR(32 BYTE), 
	GOODSID CHAR(32 BYTE), 
	GOODSNUM NUMBER(10,0)
);

--文件存放列表
CREATE TABLE T_FILELISTS(
  ID CHAR(32) PRIMARY KEY, --文件id
  USERID CHAR(32) NOT NULL, --用户id
  FILENAME VARCHAR(500), --文件名
  FILESIZE VARCHAR(500), --文件大小
  FILETYPE VARCHAR(50), --文件类型
  CREATETIME DATE DEFAULT SYSDATE --上传时间
);
